model,doc_id,pts_principal,pts_2nd,pts_3rd,pts_penalty,score_raw,score_max,score_norm
lexical,00050f80240e,0.0,0.0,0.0,-0.0,0.0,3.0,0.0
tfidf,00050f80240e,3.0,0.0,0.0,-0.25,2.75,3.0,0.9166666666666666
bert-base,00050f80240e,3.0,0.0,0.0,-0.0,3.0,3.0,1.0
roberta,00050f80240e,0.0,0.0,0.0,-0.25,-0.25,3.0,-0.08333333333333333
scibert,00050f80240e,0.0,0.0,0.0,-0.5,-0.5,3.0,-0.16666666666666666
specter,00050f80240e,3.0,0.0,0.0,-0.0,3.0,3.0,1.0
lexical,01a70dbf979d,0.0,1.0,0.0,-0.0,1.0,4.0,0.25
tfidf,01a70dbf979d,3.0,0.0,0.0,-0.0,3.0,4.0,0.75
bert-base,01a70dbf979d,0.0,0.0,0.0,-0.25,-0.25,4.0,-0.0625
roberta,01a70dbf979d,0.0,0.0,0.0,-0.25,-0.25,4.0,-0.0625
scibert,01a70dbf979d,3.0,1.0,0.0,-0.25,3.75,4.0,0.9375
specter,01a70dbf979d,3.0,0.0,0.0,-0.0,3.0,4.0,0.75
lexical,03c55a425a95,3.0,0.0,0.0,-0.0,3.0,3.0,1.0
tfidf,03c55a425a95,3.0,0.0,0.0,-0.0,3.0,3.0,1.0
bert-base,03c55a425a95,3.0,0.0,0.0,-0.25,2.75,3.0,0.9166666666666666
roberta,03c55a425a95,0.0,0.0,0.0,-0.25,-0.25,3.0,-0.08333333333333333
scibert,03c55a425a95,3.0,0.0,0.0,-0.25,2.75,3.0,0.9166666666666666
specter,03c55a425a95,1.5,0.0,0.0,-0.25,1.25,3.0,0.4166666666666667
lexical,0672168600bf,1.5,1.0,0.0,-0.0,2.5,4.0,0.625
tfidf,0672168600bf,3.0,0.0,0.0,-0.0,3.0,4.0,0.75
bert-base,0672168600bf,3.0,0.0,0.0,-0.75,2.25,4.0,0.5625
roberta,0672168600bf,0.0,0.0,0.0,-0.25,-0.25,4.0,-0.0625
scibert,0672168600bf,1.5,1.0,0.0,-0.25,2.25,4.0,0.5625
specter,0672168600bf,1.5,0.0,0.0,-0.0,1.5,4.0,0.375
lexical,074d00932720,0.0,0.0,0.0,-0.0,0.0,3.0,0.0
tfidf,074d00932720,0.0,0.0,0.0,-0.75,-0.75,3.0,-0.25
bert-base,074d00932720,3.0,0.0,0.0,-0.0,3.0,3.0,1.0
roberta,074d00932720,0.0,0.0,0.0,-0.25,-0.25,3.0,-0.08333333333333333
scibert,074d00932720,1.5,0.0,0.0,-0.75,0.75,3.0,0.25
specter,074d00932720,3.0,0.0,0.0,-0.0,3.0,3.0,1.0
lexical,08f457a29ab7,3.0,0.0,0.0,-0.0,3.0,3.0,1.0
tfidf,08f457a29ab7,3.0,0.0,0.0,-0.0,3.0,3.0,1.0
bert-base,08f457a29ab7,0.0,0.0,0.0,-0.5,-0.5,3.0,-0.16666666666666666
roberta,08f457a29ab7,0.0,0.0,0.0,-0.25,-0.25,3.0,-0.08333333333333333
scibert,08f457a29ab7,0.0,0.0,0.0,-0.5,-0.5,3.0,-0.16666666666666666
specter,08f457a29ab7,0.0,0.0,0.0,-0.0,0.0,3.0,0.0
lexical,0f84341d7e44,0.0,0.0,0.0,-0.0,0.0,3.0,0.0
tfidf,0f84341d7e44,3.0,0.0,0.0,-0.0,3.0,3.0,1.0
bert-base,0f84341d7e44,3.0,0.0,0.0,-0.25,2.75,3.0,0.9166666666666666
roberta,0f84341d7e44,1.5,0.0,0.0,-0.25,1.25,3.0,0.4166666666666667
scibert,0f84341d7e44,3.0,0.0,0.0,-0.5,2.5,3.0,0.8333333333333334
specter,0f84341d7e44,3.0,0.0,0.0,-0.25,2.75,3.0,0.9166666666666666
lexical,11e601dd40d6,3.0,0.0,0.0,-0.0,3.0,3.0,1.0
tfidf,11e601dd40d6,3.0,0.0,0.0,-0.0,3.0,3.0,1.0
bert-base,11e601dd40d6,1.5,0.0,0.0,-0.25,1.25,3.0,0.4166666666666667
roberta,11e601dd40d6,0.0,0.0,0.0,-0.25,-0.25,3.0,-0.08333333333333333
scibert,11e601dd40d6,1.5,0.0,0.0,-0.25,1.25,3.0,0.4166666666666667
specter,11e601dd40d6,3.0,0.0,0.0,-0.25,2.75,3.0,0.9166666666666666
lexical,21ecc353ac74,1.5,0.0,0.0,-0.25,1.25,3.0,0.4166666666666667
tfidf,21ecc353ac74,3.0,0.0,0.0,-0.0,3.0,3.0,1.0
bert-base,21ecc353ac74,0.0,0.0,0.0,-0.5,-0.5,3.0,-0.16666666666666666
roberta,21ecc353ac74,0.0,0.0,0.0,-0.25,-0.25,3.0,-0.08333333333333333
scibert,21ecc353ac74,0.0,0.0,0.0,-0.5,-0.5,3.0,-0.16666666666666666
specter,21ecc353ac74,3.0,0.0,0.0,-0.25,2.75,3.0,0.9166666666666666
lexical,23aa02497362,3.0,0.0,0.0,-0.0,3.0,3.0,1.0
tfidf,23aa02497362,3.0,0.0,0.0,-0.0,3.0,3.0,1.0
bert-base,23aa02497362,3.0,0.0,0.0,-0.0,3.0,3.0,1.0
roberta,23aa02497362,3.0,0.0,0.0,-0.0,3.0,3.0,1.0
scibert,23aa02497362,3.0,0.0,0.0,-0.0,3.0,3.0,1.0
specter,23aa02497362,3.0,0.0,0.0,-0.0,3.0,3.0,1.0
lexical,260cc6707374,0.0,0.0,0.0,-0.25,-0.25,4.0,-0.0625
tfidf,260cc6707374,3.0,0.0,0.0,-0.0,3.0,4.0,0.75
bert-base,260cc6707374,1.5,0.0,0.0,-0.25,1.25,4.0,0.3125
roberta,260cc6707374,0.0,1.0,0.0,-0.0,1.0,4.0,0.25
scibert,260cc6707374,3.0,1.0,0.0,-0.5,3.5,4.0,0.875
specter,260cc6707374,0.0,0.0,0.0,-0.25,-0.25,4.0,-0.0625
lexical,2cca03b7a82b,3.0,0.0,0.0,-0.0,3.0,4.0,0.75
tfidf,2cca03b7a82b,3.0,0.0,0.0,-0.0,3.0,4.0,0.75
bert-base,2cca03b7a82b,3.0,0.0,0.0,-0.25,2.75,4.0,0.6875
roberta,2cca03b7a82b,0.0,0.0,0.0,-0.25,-0.25,4.0,-0.0625
scibert,2cca03b7a82b,1.5,0.0,0.0,-0.25,1.25,4.0,0.3125
specter,2cca03b7a82b,1.5,1.0,0.0,-0.0,2.5,4.0,0.625
lexical,2ea3de6be731,0.0,0.0,0.0,-0.0,0.0,3.0,0.0
tfidf,2ea3de6be731,3.0,0.0,0.0,-0.0,3.0,3.0,1.0
bert-base,2ea3de6be731,0.0,0.0,0.0,-0.25,-0.25,3.0,-0.08333333333333333
roberta,2ea3de6be731,0.0,0.0,0.0,-0.25,-0.25,3.0,-0.08333333333333333
scibert,2ea3de6be731,0.0,0.0,0.0,-1.25,-1.25,3.0,-0.4166666666666667
specter,2ea3de6be731,1.5,0.0,0.0,-0.25,1.25,3.0,0.4166666666666667
lexical,3159c4d063f0,3.0,0.0,0.0,-0.0,3.0,4.0,0.75
tfidf,3159c4d063f0,1.5,0.0,0.0,-0.0,1.5,4.0,0.375
bert-base,3159c4d063f0,0.0,0.0,0.0,-0.25,-0.25,4.0,-0.0625
roberta,3159c4d063f0,0.0,0.0,0.0,-0.25,-0.25,4.0,-0.0625
scibert,3159c4d063f0,1.5,0.0,0.0,-0.5,1.0,4.0,0.25
specter,3159c4d063f0,0.0,0.0,0.0,-0.25,-0.25,4.0,-0.0625
lexical,35031d18c0c9,0.0,0.0,0.0,-0.0,0.0,3.0,0.0
tfidf,35031d18c0c9,0.0,0.0,0.0,-0.0,0.0,3.0,0.0
bert-base,35031d18c0c9,0.0,0.0,0.0,-0.25,-0.25,3.0,-0.08333333333333333
roberta,35031d18c0c9,0.0,0.0,0.0,-0.25,-0.25,3.0,-0.08333333333333333
scibert,35031d18c0c9,0.0,0.0,0.0,-0.0,0.0,3.0,0.0
specter,35031d18c0c9,0.0,0.0,0.0,-0.25,-0.25,3.0,-0.08333333333333333
lexical,362e76793312,3.0,0.0,0.0,-0.0,3.0,4.0,0.75
tfidf,362e76793312,0.0,0.0,0.0,-0.0,0.0,4.0,0.0
bert-base,362e76793312,3.0,0.0,0.0,-0.0,3.0,4.0,0.75
roberta,362e76793312,0.0,0.0,0.0,-0.25,-0.25,4.0,-0.0625
scibert,362e76793312,1.5,1.0,0.0,-0.25,2.25,4.0,0.5625
specter,362e76793312,3.0,0.0,0.0,-0.0,3.0,4.0,0.75
lexical,3bbd6f08b6ac,0.0,1.0,0.0,-0.0,1.0,4.0,0.25
tfidf,3bbd6f08b6ac,3.0,1.0,0.0,-0.0,4.0,4.0,1.0
bert-base,3bbd6f08b6ac,0.0,1.0,0.0,-0.0,1.0,4.0,0.25
roberta,3bbd6f08b6ac,0.0,0.0,0.0,-0.25,-0.25,4.0,-0.0625
scibert,3bbd6f08b6ac,0.0,1.0,0.0,-0.25,0.75,4.0,0.1875
specter,3bbd6f08b6ac,3.0,1.0,0.0,-0.0,4.0,4.0,1.0
lexical,3c0c667b5363,0.0,0.0,0.0,-0.0,0.0,3.0,0.0
tfidf,3c0c667b5363,0.0,0.0,0.0,-0.25,-0.25,3.0,-0.08333333333333333
bert-base,3c0c667b5363,1.5,0.0,0.0,-0.25,1.25,3.0,0.4166666666666667
roberta,3c0c667b5363,0.0,0.0,0.0,-0.25,-0.25,3.0,-0.08333333333333333
scibert,3c0c667b5363,0.0,0.0,0.0,-0.25,-0.25,3.0,-0.08333333333333333
specter,3c0c667b5363,0.0,0.0,0.0,-0.25,-0.25,3.0,-0.08333333333333333
lexical,3d6573117d0b,0.0,0.0,0.0,-0.0,0.0,4.0,0.0
tfidf,3d6573117d0b,1.5,0.0,0.0,-0.25,1.25,4.0,0.3125
bert-base,3d6573117d0b,1.5,1.0,0.0,-0.0,2.5,4.0,0.625
roberta,3d6573117d0b,1.5,0.0,0.0,-0.25,1.25,4.0,0.3125
scibert,3d6573117d0b,3.0,1.0,0.0,-0.0,4.0,4.0,1.0
specter,3d6573117d0b,3.0,1.0,0.0,-0.0,4.0,4.0,1.0
lexical,3e5fff353a4c,0.0,0.0,0.0,-0.0,0.0,4.0,0.0
tfidf,3e5fff353a4c,0.0,0.0,0.0,-0.0,0.0,4.0,0.0
bert-base,3e5fff353a4c,0.0,0.0,0.0,-0.25,-0.25,4.0,-0.0625
roberta,3e5fff353a4c,0.0,0.0,0.0,-0.25,-0.25,4.0,-0.0625
scibert,3e5fff353a4c,1.5,0.0,0.0,-0.25,1.25,4.0,0.3125
specter,3e5fff353a4c,1.5,0.0,0.0,-0.25,1.25,4.0,0.3125
lexical,3e713b4c8d88,1.5,0.0,0.0,-0.25,1.25,3.0,0.4166666666666667
tfidf,3e713b4c8d88,1.5,0.0,0.0,-0.0,1.5,3.0,0.5
bert-base,3e713b4c8d88,0.0,0.0,0.0,-0.5,-0.5,3.0,-0.16666666666666666
roberta,3e713b4c8d88,0.0,0.0,0.0,-0.25,-0.25,3.0,-0.08333333333333333
scibert,3e713b4c8d88,1.5,0.0,0.0,-0.5,1.0,3.0,0.3333333333333333
specter,3e713b4c8d88,1.5,0.0,0.0,-0.25,1.25,3.0,0.4166666666666667
lexical,42c958306230,0.0,0.0,0.0,-0.0,0.0,4.0,0.0
tfidf,42c958306230,0.0,0.0,0.0,-0.0,0.0,4.0,0.0
bert-base,42c958306230,1.5,1.0,0.0,-0.25,2.25,4.0,0.5625
roberta,42c958306230,3.0,0.0,0.0,-0.0,3.0,4.0,0.75
scibert,42c958306230,3.0,0.0,0.0,-0.0,3.0,4.0,0.75
specter,42c958306230,1.5,0.0,0.0,-0.0,1.5,4.0,0.375
lexical,44cb9ddc20a6,3.0,0.0,0.0,-0.0,3.0,3.0,1.0
tfidf,44cb9ddc20a6,3.0,0.0,0.0,-0.0,3.0,3.0,1.0
bert-base,44cb9ddc20a6,1.5,0.0,0.0,-0.25,1.25,3.0,0.4166666666666667
roberta,44cb9ddc20a6,0.0,0.0,0.0,-0.25,-0.25,3.0,-0.08333333333333333
scibert,44cb9ddc20a6,1.5,0.0,0.0,-0.25,1.25,3.0,0.4166666666666667
specter,44cb9ddc20a6,1.5,0.0,0.0,-0.5,1.0,3.0,0.3333333333333333
lexical,491cd02d01cd,0.0,0.0,0.0,-0.0,0.0,3.0,0.0
tfidf,491cd02d01cd,0.0,0.0,0.0,-0.0,0.0,3.0,0.0
bert-base,491cd02d01cd,0.0,0.0,0.0,-1.0,-1.0,3.0,-0.3333333333333333
roberta,491cd02d01cd,0.0,0.0,0.0,-0.25,-0.25,3.0,-0.08333333333333333
scibert,491cd02d01cd,0.0,0.0,0.0,-0.0,0.0,3.0,0.0
specter,491cd02d01cd,3.0,0.0,0.0,-0.25,2.75,3.0,0.9166666666666666
lexical,496666e9b6da,3.0,0.0,0.0,-0.0,3.0,4.0,0.75
tfidf,496666e9b6da,1.5,1.0,0.0,-0.25,2.25,4.0,0.5625
bert-base,496666e9b6da,1.5,1.0,0.0,-0.5,2.0,4.0,0.5
roberta,496666e9b6da,0.0,0.0,0.0,-0.25,-0.25,4.0,-0.0625
scibert,496666e9b6da,1.5,1.0,0.0,-0.25,2.25,4.0,0.5625
specter,496666e9b6da,0.0,1.0,0.0,-0.25,0.75,4.0,0.1875
lexical,5194c7c1714e,3.0,0.0,0.0,-0.0,3.0,3.0,1.0
tfidf,5194c7c1714e,3.0,0.0,0.0,-0.0,3.0,3.0,1.0
bert-base,5194c7c1714e,0.0,0.0,0.0,-0.25,-0.25,3.0,-0.08333333333333333
roberta,5194c7c1714e,0.0,0.0,0.0,-0.25,-0.25,3.0,-0.08333333333333333
scibert,5194c7c1714e,3.0,0.0,0.0,-0.0,3.0,3.0,1.0
specter,5194c7c1714e,0.0,0.0,0.0,-0.0,0.0,3.0,0.0
lexical,56c7d6d62d7c,3.0,0.0,0.0,-0.0,3.0,4.0,0.75
tfidf,56c7d6d62d7c,3.0,0.0,0.0,-0.0,3.0,4.0,0.75
bert-base,56c7d6d62d7c,3.0,0.0,0.0,-0.25,2.75,4.0,0.6875
roberta,56c7d6d62d7c,1.5,0.0,0.0,-0.25,1.25,4.0,0.3125
scibert,56c7d6d62d7c,3.0,0.0,0.0,-0.25,2.75,4.0,0.6875
specter,56c7d6d62d7c,3.0,0.0,0.0,-0.0,3.0,4.0,0.75
lexical,5aaab1fa33a3,3.0,0.0,0.0,-0.0,3.0,3.0,1.0
tfidf,5aaab1fa33a3,3.0,0.0,0.0,-0.0,3.0,3.0,1.0
bert-base,5aaab1fa33a3,3.0,0.0,0.0,-0.0,3.0,3.0,1.0
roberta,5aaab1fa33a3,0.0,0.0,0.0,-0.25,-0.25,3.0,-0.08333333333333333
scibert,5aaab1fa33a3,3.0,0.0,0.0,-0.0,3.0,3.0,1.0
specter,5aaab1fa33a3,3.0,0.0,0.0,-0.0,3.0,3.0,1.0
lexical,5b69b4b177c8,0.0,0.0,0.0,-0.0,0.0,3.0,0.0
tfidf,5b69b4b177c8,3.0,0.0,0.0,-0.0,3.0,3.0,1.0
bert-base,5b69b4b177c8,0.0,0.0,0.0,-0.75,-0.75,3.0,-0.25
roberta,5b69b4b177c8,0.0,0.0,0.0,-0.25,-0.25,3.0,-0.08333333333333333
scibert,5b69b4b177c8,0.0,0.0,0.0,-0.5,-0.5,3.0,-0.16666666666666666
specter,5b69b4b177c8,1.5,0.0,0.0,-0.5,1.0,3.0,0.3333333333333333
lexical,5d9cbb3d18a7,3.0,0.0,0.0,-0.0,3.0,3.0,1.0
tfidf,5d9cbb3d18a7,0.0,0.0,0.0,-0.0,0.0,3.0,0.0
bert-base,5d9cbb3d18a7,3.0,0.0,0.0,-0.0,3.0,3.0,1.0
roberta,5d9cbb3d18a7,1.5,0.0,0.0,-0.25,1.25,3.0,0.4166666666666667
scibert,5d9cbb3d18a7,3.0,0.0,0.0,-0.25,2.75,3.0,0.9166666666666666
specter,5d9cbb3d18a7,3.0,0.0,0.0,-0.0,3.0,3.0,1.0
lexical,6039788ff154,0.0,0.0,0.0,-0.0,0.0,3.0,0.0
tfidf,6039788ff154,0.0,0.0,0.0,-0.0,0.0,3.0,0.0
bert-base,6039788ff154,0.0,0.0,0.0,-0.0,0.0,3.0,0.0
roberta,6039788ff154,0.0,0.0,0.0,-0.25,-0.25,3.0,-0.08333333333333333
scibert,6039788ff154,0.0,0.0,0.0,-0.0,0.0,3.0,0.0
specter,6039788ff154,0.0,0.0,0.0,-0.0,0.0,3.0,0.0
lexical,61c5ef71efb6,3.0,0.0,0.0,-0.0,3.0,3.0,1.0
tfidf,61c5ef71efb6,1.5,0.0,0.0,-0.0,1.5,3.0,0.5
bert-base,61c5ef71efb6,0.0,0.0,0.0,-0.25,-0.25,3.0,-0.08333333333333333
roberta,61c5ef71efb6,0.0,0.0,0.0,-0.25,-0.25,3.0,-0.08333333333333333
scibert,61c5ef71efb6,0.0,0.0,0.0,-0.5,-0.5,3.0,-0.16666666666666666
specter,61c5ef71efb6,0.0,0.0,0.0,-0.25,-0.25,3.0,-0.08333333333333333
lexical,662818aff829,0.0,0.0,0.0,-0.0,0.0,3.0,0.0
tfidf,662818aff829,3.0,0.0,0.0,-0.0,3.0,3.0,1.0
bert-base,662818aff829,3.0,0.0,0.0,-0.0,3.0,3.0,1.0
roberta,662818aff829,3.0,0.0,0.0,-0.0,3.0,3.0,1.0
scibert,662818aff829,3.0,0.0,0.0,-0.5,2.5,3.0,0.8333333333333334
specter,662818aff829,3.0,0.0,0.0,-0.0,3.0,3.0,1.0
lexical,66c76ad14a95,3.0,0.0,0.0,-0.0,3.0,3.0,1.0
tfidf,66c76ad14a95,0.0,0.0,0.0,-0.0,0.0,3.0,0.0
bert-base,66c76ad14a95,3.0,0.0,0.0,-0.0,3.0,3.0,1.0
roberta,66c76ad14a95,0.0,0.0,0.0,-0.25,-0.25,3.0,-0.08333333333333333
scibert,66c76ad14a95,3.0,0.0,0.0,-0.0,3.0,3.0,1.0
specter,66c76ad14a95,0.0,0.0,0.0,-0.0,0.0,3.0,0.0
lexical,683e518543a2,0.0,0.0,0.0,-0.0,0.0,3.0,0.0
tfidf,683e518543a2,3.0,0.0,0.0,-0.25,2.75,3.0,0.9166666666666666
bert-base,683e518543a2,1.5,0.0,0.0,-0.25,1.25,3.0,0.4166666666666667
roberta,683e518543a2,0.0,0.0,0.0,-0.25,-0.25,3.0,-0.08333333333333333
scibert,683e518543a2,3.0,0.0,0.0,-0.75,2.25,3.0,0.75
specter,683e518543a2,3.0,0.0,0.0,-0.0,3.0,3.0,1.0
lexical,697b132b1c14,0.0,0.0,0.0,-0.0,0.0,4.0,0.0
tfidf,697b132b1c14,0.0,0.0,0.0,-0.0,0.0,4.0,0.0
bert-base,697b132b1c14,0.0,0.0,0.0,-0.75,-0.75,4.0,-0.1875
roberta,697b132b1c14,0.0,0.0,0.0,-0.25,-0.25,4.0,-0.0625
scibert,697b132b1c14,0.0,0.0,0.0,-0.0,0.0,4.0,0.0
specter,697b132b1c14,0.0,0.0,0.0,-0.0,0.0,4.0,0.0
lexical,6adf36ff1a69,0.0,0.0,0.0,-0.0,0.0,3.0,0.0
tfidf,6adf36ff1a69,3.0,0.0,0.0,-0.0,3.0,3.0,1.0
bert-base,6adf36ff1a69,3.0,0.0,0.0,-0.0,3.0,3.0,1.0
roberta,6adf36ff1a69,0.0,0.0,0.0,-0.25,-0.25,3.0,-0.08333333333333333
scibert,6adf36ff1a69,3.0,0.0,0.0,-1.5,1.5,3.0,0.5
specter,6adf36ff1a69,0.0,0.0,0.0,-0.0,0.0,3.0,0.0
lexical,6c517c5bda80,3.0,0.0,0.0,-0.0,3.0,3.0,1.0
tfidf,6c517c5bda80,3.0,0.0,0.0,-0.0,3.0,3.0,1.0
bert-base,6c517c5bda80,0.0,0.0,0.0,-0.0,0.0,3.0,0.0
roberta,6c517c5bda80,0.0,0.0,0.0,-0.25,-0.25,3.0,-0.08333333333333333
scibert,6c517c5bda80,3.0,0.0,0.0,-0.0,3.0,3.0,1.0
specter,6c517c5bda80,1.5,0.0,0.0,-0.0,1.5,3.0,0.5
lexical,6d34726fa878,1.5,0.0,0.0,-0.25,1.25,3.0,0.4166666666666667
tfidf,6d34726fa878,1.5,0.0,0.0,-0.25,1.25,3.0,0.4166666666666667
bert-base,6d34726fa878,3.0,0.0,0.0,-0.0,3.0,3.0,1.0
roberta,6d34726fa878,3.0,0.0,0.0,-0.0,3.0,3.0,1.0
scibert,6d34726fa878,3.0,0.0,0.0,-0.5,2.5,3.0,0.8333333333333334
specter,6d34726fa878,3.0,0.0,0.0,-0.0,3.0,3.0,1.0
lexical,6f65d7f2f5f8,0.0,0.0,0.0,-0.0,0.0,4.0,0.0
tfidf,6f65d7f2f5f8,3.0,0.0,0.0,-0.0,3.0,4.0,0.75
bert-base,6f65d7f2f5f8,3.0,1.0,0.0,-0.0,4.0,4.0,1.0
roberta,6f65d7f2f5f8,3.0,0.0,0.0,-0.0,3.0,4.0,0.75
scibert,6f65d7f2f5f8,3.0,0.0,0.0,-0.0,3.0,4.0,0.75
specter,6f65d7f2f5f8,1.5,1.0,0.0,-0.0,2.5,4.0,0.625
lexical,730088fdf1e2,0.0,0.0,0.0,-0.0,0.0,3.0,0.0
tfidf,730088fdf1e2,3.0,0.0,0.0,-0.0,3.0,3.0,1.0
bert-base,730088fdf1e2,3.0,0.0,0.0,-0.0,3.0,3.0,1.0
roberta,730088fdf1e2,0.0,0.0,0.0,-0.25,-0.25,3.0,-0.08333333333333333
scibert,730088fdf1e2,0.0,0.0,0.0,-1.0,-1.0,3.0,-0.3333333333333333
specter,730088fdf1e2,3.0,0.0,0.0,-0.0,3.0,3.0,1.0
lexical,733ba5fc919b,0.0,0.0,0.0,-0.5,-0.5,4.0,-0.125
tfidf,733ba5fc919b,3.0,0.0,0.0,-0.0,3.0,4.0,0.75
bert-base,733ba5fc919b,3.0,0.0,0.0,-0.0,3.0,4.0,0.75
roberta,733ba5fc919b,3.0,0.0,0.0,-0.0,3.0,4.0,0.75
scibert,733ba5fc919b,3.0,0.0,0.0,-0.0,3.0,4.0,0.75
specter,733ba5fc919b,3.0,0.0,0.0,-0.0,3.0,4.0,0.75
lexical,78dc23f39924,3.0,0.0,0.0,-0.0,3.0,3.0,1.0
tfidf,78dc23f39924,3.0,0.0,0.0,-0.0,3.0,3.0,1.0
bert-base,78dc23f39924,3.0,0.0,0.0,-0.0,3.0,3.0,1.0
roberta,78dc23f39924,1.5,0.0,0.0,-0.25,1.25,3.0,0.4166666666666667
scibert,78dc23f39924,3.0,0.0,0.0,-0.25,2.75,3.0,0.9166666666666666
specter,78dc23f39924,3.0,0.0,0.0,-0.0,3.0,3.0,1.0
lexical,7c0bf746ba69,0.0,0.0,0.0,-0.0,0.0,3.0,0.0
tfidf,7c0bf746ba69,0.0,0.0,0.0,-0.0,0.0,3.0,0.0
bert-base,7c0bf746ba69,0.0,0.0,0.0,-0.25,-0.25,3.0,-0.08333333333333333
roberta,7c0bf746ba69,0.0,0.0,0.0,-0.25,-0.25,3.0,-0.08333333333333333
scibert,7c0bf746ba69,0.0,0.0,0.0,-0.5,-0.5,3.0,-0.16666666666666666
specter,7c0bf746ba69,0.0,0.0,0.0,-0.5,-0.5,3.0,-0.16666666666666666
lexical,7d15d84ce20e,3.0,0.0,0.0,-0.0,3.0,3.0,1.0
tfidf,7d15d84ce20e,3.0,0.0,0.0,-0.25,2.75,3.0,0.9166666666666666
bert-base,7d15d84ce20e,3.0,0.0,0.0,-0.0,3.0,3.0,1.0
roberta,7d15d84ce20e,0.0,0.0,0.0,-0.25,-0.25,3.0,-0.08333333333333333
scibert,7d15d84ce20e,3.0,0.0,0.0,-1.5,1.5,3.0,0.5
specter,7d15d84ce20e,1.5,0.0,0.0,-0.0,1.5,3.0,0.5
lexical,7e7db277fd49,0.0,0.0,0.0,-0.0,0.0,4.0,0.0
tfidf,7e7db277fd49,3.0,0.0,0.0,-0.0,3.0,4.0,0.75
bert-base,7e7db277fd49,0.0,1.0,0.0,-0.25,0.75,4.0,0.1875
roberta,7e7db277fd49,0.0,0.0,0.0,-0.25,-0.25,4.0,-0.0625
scibert,7e7db277fd49,0.0,1.0,0.0,-0.5,0.5,4.0,0.125
specter,7e7db277fd49,1.5,0.0,0.0,-0.25,1.25,4.0,0.3125
lexical,7f70ba66f24a,3.0,0.0,0.0,-0.0,3.0,3.0,1.0
tfidf,7f70ba66f24a,3.0,0.0,0.0,-0.0,3.0,3.0,1.0
bert-base,7f70ba66f24a,1.5,0.0,0.0,-0.25,1.25,3.0,0.4166666666666667
roberta,7f70ba66f24a,0.0,0.0,0.0,-0.25,-0.25,3.0,-0.08333333333333333
scibert,7f70ba66f24a,3.0,0.0,0.0,-0.25,2.75,3.0,0.9166666666666666
specter,7f70ba66f24a,3.0,0.0,0.0,-0.25,2.75,3.0,0.9166666666666666
lexical,81a2071c7d3b,3.0,0.0,0.0,-0.0,3.0,3.0,1.0
tfidf,81a2071c7d3b,3.0,0.0,0.0,-0.25,2.75,3.0,0.9166666666666666
bert-base,81a2071c7d3b,0.0,0.0,0.0,-0.5,-0.5,3.0,-0.16666666666666666
roberta,81a2071c7d3b,0.0,0.0,0.0,-0.25,-0.25,3.0,-0.08333333333333333
scibert,81a2071c7d3b,0.0,0.0,0.0,-0.5,-0.5,3.0,-0.16666666666666666
specter,81a2071c7d3b,1.5,0.0,0.0,-0.25,1.25,3.0,0.4166666666666667
lexical,82b2779f08ea,1.5,1.0,0.0,-0.0,2.5,4.0,0.625
tfidf,82b2779f08ea,3.0,0.0,0.0,-0.0,3.0,4.0,0.75
bert-base,82b2779f08ea,3.0,0.0,0.0,-0.0,3.0,4.0,0.75
roberta,82b2779f08ea,3.0,0.0,0.0,-0.0,3.0,4.0,0.75
scibert,82b2779f08ea,3.0,0.0,0.0,-0.0,3.0,4.0,0.75
specter,82b2779f08ea,3.0,0.0,0.0,-0.0,3.0,4.0,0.75
lexical,8319c3cdd2d2,0.0,0.0,0.0,-0.0,0.0,3.0,0.0
tfidf,8319c3cdd2d2,1.5,0.0,0.0,-0.25,1.25,3.0,0.4166666666666667
bert-base,8319c3cdd2d2,1.5,0.0,0.0,-0.25,1.25,3.0,0.4166666666666667
roberta,8319c3cdd2d2,0.0,0.0,0.0,-0.25,-0.25,3.0,-0.08333333333333333
scibert,8319c3cdd2d2,1.5,0.0,0.0,-0.25,1.25,3.0,0.4166666666666667
specter,8319c3cdd2d2,3.0,0.0,0.0,-0.0,3.0,3.0,1.0
lexical,83964a920703,3.0,0.0,0.0,-0.0,3.0,3.0,1.0
tfidf,83964a920703,3.0,0.0,0.0,-0.0,3.0,3.0,1.0
bert-base,83964a920703,3.0,0.0,0.0,-0.25,2.75,3.0,0.9166666666666666
roberta,83964a920703,0.0,0.0,0.0,-0.25,-0.25,3.0,-0.08333333333333333
scibert,83964a920703,0.0,0.0,0.0,-0.75,-0.75,3.0,-0.25
specter,83964a920703,3.0,0.0,0.0,-0.25,2.75,3.0,0.9166666666666666
lexical,83a1b1987b47,3.0,0.0,0.0,-0.0,3.0,3.0,1.0
tfidf,83a1b1987b47,3.0,0.0,0.0,-0.0,3.0,3.0,1.0
bert-base,83a1b1987b47,3.0,0.0,0.0,-0.0,3.0,3.0,1.0
roberta,83a1b1987b47,0.0,0.0,0.0,-0.25,-0.25,3.0,-0.08333333333333333
scibert,83a1b1987b47,3.0,0.0,0.0,-0.5,2.5,3.0,0.8333333333333334
specter,83a1b1987b47,3.0,0.0,0.0,-0.0,3.0,3.0,1.0
lexical,888d4516378f,1.5,0.0,0.0,-0.0,1.5,3.0,0.5
tfidf,888d4516378f,0.0,0.0,0.0,-0.0,0.0,3.0,0.0
bert-base,888d4516378f,0.0,0.0,0.0,-0.0,0.0,3.0,0.0
roberta,888d4516378f,0.0,0.0,0.0,-0.25,-0.25,3.0,-0.08333333333333333
scibert,888d4516378f,0.0,0.0,0.0,-0.0,0.0,3.0,0.0
specter,888d4516378f,0.0,0.0,0.0,-0.25,-0.25,3.0,-0.08333333333333333
lexical,8d8ab7ed834f,3.0,0.0,0.0,-0.0,3.0,4.0,0.75
tfidf,8d8ab7ed834f,3.0,0.0,0.0,-0.0,3.0,4.0,0.75
bert-base,8d8ab7ed834f,3.0,0.0,0.0,-0.25,2.75,4.0,0.6875
roberta,8d8ab7ed834f,0.0,0.0,0.0,-0.25,-0.25,4.0,-0.0625
scibert,8d8ab7ed834f,1.5,0.0,0.0,-0.25,1.25,4.0,0.3125
specter,8d8ab7ed834f,1.5,0.0,0.0,-0.25,1.25,4.0,0.3125
lexical,915bef103e53,0.0,0.0,0.0,-0.25,-0.25,4.0,-0.0625
tfidf,915bef103e53,0.0,1.0,0.0,-0.0,1.0,4.0,0.25
bert-base,915bef103e53,0.0,1.0,0.0,-0.25,0.75,4.0,0.1875
roberta,915bef103e53,0.0,0.0,0.0,-0.25,-0.25,4.0,-0.0625
scibert,915bef103e53,0.0,1.0,0.0,-0.25,0.75,4.0,0.1875
specter,915bef103e53,0.0,0.0,0.0,-0.0,0.0,4.0,0.0
lexical,9164ad05c489,3.0,0.0,0.0,-0.0,3.0,4.0,0.75
tfidf,9164ad05c489,3.0,0.0,0.0,-0.0,3.0,4.0,0.75
bert-base,9164ad05c489,3.0,0.0,0.0,-0.0,3.0,4.0,0.75
roberta,9164ad05c489,1.5,0.0,0.0,-0.25,1.25,4.0,0.3125
scibert,9164ad05c489,1.5,0.0,0.0,-0.25,1.25,4.0,0.3125
specter,9164ad05c489,3.0,0.0,0.0,-0.0,3.0,4.0,0.75
lexical,9275249d37b1,0.0,0.0,0.0,-0.0,0.0,3.0,0.0
tfidf,9275249d37b1,0.0,0.0,0.0,-0.0,0.0,3.0,0.0
bert-base,9275249d37b1,1.5,0.0,0.0,-0.25,1.25,3.0,0.4166666666666667
roberta,9275249d37b1,0.0,0.0,0.0,-0.25,-0.25,3.0,-0.08333333333333333
scibert,9275249d37b1,0.0,0.0,0.0,-0.5,-0.5,3.0,-0.16666666666666666
specter,9275249d37b1,0.0,0.0,0.0,-0.0,0.0,3.0,0.0
lexical,9480a86811a3,0.0,0.0,0.0,-0.0,0.0,3.0,0.0
tfidf,9480a86811a3,3.0,0.0,0.0,-0.0,3.0,3.0,1.0
bert-base,9480a86811a3,1.5,0.0,0.0,-0.25,1.25,3.0,0.4166666666666667
roberta,9480a86811a3,1.5,0.0,0.0,-0.25,1.25,3.0,0.4166666666666667
scibert,9480a86811a3,1.5,0.0,0.0,-0.5,1.0,3.0,0.3333333333333333
specter,9480a86811a3,3.0,0.0,0.0,-0.0,3.0,3.0,1.0
lexical,958e8ae09926,3.0,0.0,0.0,-0.0,3.0,3.0,1.0
tfidf,958e8ae09926,1.5,0.0,0.0,-0.0,1.5,3.0,0.5
bert-base,958e8ae09926,3.0,0.0,0.0,-0.0,3.0,3.0,1.0
roberta,958e8ae09926,0.0,0.0,0.0,-0.25,-0.25,3.0,-0.08333333333333333
scibert,958e8ae09926,0.0,0.0,0.0,-0.0,0.0,3.0,0.0
specter,958e8ae09926,3.0,0.0,0.0,-0.0,3.0,3.0,1.0
lexical,9ba110d31936,3.0,0.0,0.0,-0.0,3.0,3.0,1.0
tfidf,9ba110d31936,3.0,0.0,0.0,-0.0,3.0,3.0,1.0
bert-base,9ba110d31936,3.0,0.0,0.0,-0.0,3.0,3.0,1.0
roberta,9ba110d31936,0.0,0.0,0.0,-0.25,-0.25,3.0,-0.08333333333333333
scibert,9ba110d31936,1.5,0.0,0.0,-0.25,1.25,3.0,0.4166666666666667
specter,9ba110d31936,3.0,0.0,0.0,-0.0,3.0,3.0,1.0
lexical,a31195146871,1.5,1.0,0.0,-0.0,2.5,4.0,0.625
tfidf,a31195146871,3.0,0.0,0.0,-0.25,2.75,4.0,0.6875
bert-base,a31195146871,3.0,0.0,0.0,-0.0,3.0,4.0,0.75
roberta,a31195146871,3.0,0.0,0.0,-0.0,3.0,4.0,0.75
scibert,a31195146871,3.0,0.0,0.0,-0.0,3.0,4.0,0.75
specter,a31195146871,3.0,0.0,0.0,-0.0,3.0,4.0,0.75
lexical,a60e993db94a,3.0,0.0,0.0,-0.0,3.0,3.0,1.0
tfidf,a60e993db94a,3.0,0.0,0.0,-0.25,2.75,3.0,0.9166666666666666
bert-base,a60e993db94a,3.0,0.0,0.0,-0.0,3.0,3.0,1.0
roberta,a60e993db94a,3.0,0.0,0.0,-0.0,3.0,3.0,1.0
scibert,a60e993db94a,3.0,0.0,0.0,-0.0,3.0,3.0,1.0
specter,a60e993db94a,3.0,0.0,0.0,-0.0,3.0,3.0,1.0
lexical,a8f8fca16a7f,0.0,0.0,0.0,-0.0,0.0,3.0,0.0
tfidf,a8f8fca16a7f,3.0,0.0,0.0,-0.0,3.0,3.0,1.0
bert-base,a8f8fca16a7f,0.0,0.0,0.0,-0.25,-0.25,3.0,-0.08333333333333333
roberta,a8f8fca16a7f,0.0,0.0,0.0,-0.25,-0.25,3.0,-0.08333333333333333
scibert,a8f8fca16a7f,0.0,0.0,0.0,-0.5,-0.5,3.0,-0.16666666666666666
specter,a8f8fca16a7f,0.0,0.0,0.0,-0.25,-0.25,3.0,-0.08333333333333333
lexical,aa624c008b5e,3.0,0.0,0.0,-0.0,3.0,4.0,0.75
tfidf,aa624c008b5e,0.0,1.0,0.0,-0.25,0.75,4.0,0.1875
bert-base,aa624c008b5e,3.0,0.0,0.0,-0.25,2.75,4.0,0.6875
roberta,aa624c008b5e,0.0,0.0,0.0,-0.25,-0.25,4.0,-0.0625
scibert,aa624c008b5e,3.0,1.0,0.0,-0.5,3.5,4.0,0.875
specter,aa624c008b5e,0.0,1.0,0.0,-0.25,0.75,4.0,0.1875
lexical,aac5539aa27b,0.0,0.0,0.0,-0.0,0.0,4.0,0.0
tfidf,aac5539aa27b,0.0,0.0,0.0,-0.25,-0.25,4.0,-0.0625
bert-base,aac5539aa27b,3.0,0.0,0.0,-0.5,2.5,4.0,0.625
roberta,aac5539aa27b,0.0,0.0,0.0,-0.25,-0.25,4.0,-0.0625
scibert,aac5539aa27b,0.0,1.0,0.0,-1.0,0.0,4.0,0.0
specter,aac5539aa27b,0.0,0.0,0.0,-0.25,-0.25,4.0,-0.0625
lexical,ab2d096a1aaf,0.0,0.0,0.0,-0.0,0.0,3.0,0.0
tfidf,ab2d096a1aaf,1.5,0.0,0.0,-0.0,1.5,3.0,0.5
bert-base,ab2d096a1aaf,0.0,0.0,0.0,-0.5,-0.5,3.0,-0.16666666666666666
roberta,ab2d096a1aaf,0.0,0.0,0.0,-0.25,-0.25,3.0,-0.08333333333333333
scibert,ab2d096a1aaf,0.0,0.0,0.0,-0.0,0.0,3.0,0.0
specter,ab2d096a1aaf,0.0,0.0,0.0,-0.25,-0.25,3.0,-0.08333333333333333
lexical,ab931c264219,3.0,0.0,0.0,-0.0,3.0,3.0,1.0
tfidf,ab931c264219,3.0,0.0,0.0,-0.0,3.0,3.0,1.0
bert-base,ab931c264219,0.0,0.0,0.0,-0.5,-0.5,3.0,-0.16666666666666666
roberta,ab931c264219,0.0,0.0,0.0,-0.25,-0.25,3.0,-0.08333333333333333
scibert,ab931c264219,1.5,0.0,0.0,-0.5,1.0,3.0,0.3333333333333333
specter,ab931c264219,3.0,0.0,0.0,-0.0,3.0,3.0,1.0
lexical,ad9445fe976c,0.0,0.0,0.0,-0.0,0.0,3.0,0.0
tfidf,ad9445fe976c,3.0,0.0,0.0,-0.0,3.0,3.0,1.0
bert-base,ad9445fe976c,1.5,0.0,0.0,-0.25,1.25,3.0,0.4166666666666667
roberta,ad9445fe976c,0.0,0.0,0.0,-0.25,-0.25,3.0,-0.08333333333333333
scibert,ad9445fe976c,1.5,0.0,0.0,-0.5,1.0,3.0,0.3333333333333333
specter,ad9445fe976c,3.0,0.0,0.0,-0.0,3.0,3.0,1.0
lexical,b39624d6c38a,3.0,0.0,0.0,-0.0,3.0,4.0,0.75
tfidf,b39624d6c38a,3.0,0.0,0.0,-0.0,3.0,4.0,0.75
bert-base,b39624d6c38a,3.0,0.0,0.0,-0.25,2.75,4.0,0.6875
roberta,b39624d6c38a,0.0,0.0,0.0,-0.25,-0.25,4.0,-0.0625
scibert,b39624d6c38a,1.5,1.0,0.0,-0.5,2.0,4.0,0.5
specter,b39624d6c38a,0.0,1.0,0.0,-1.0,0.0,4.0,0.0
lexical,b9283c8bb52e,3.0,0.0,0.0,-0.0,3.0,4.0,0.75
tfidf,b9283c8bb52e,3.0,0.0,0.0,-0.0,3.0,4.0,0.75
bert-base,b9283c8bb52e,3.0,0.0,0.0,-0.0,3.0,4.0,0.75
roberta,b9283c8bb52e,0.0,0.0,0.0,-0.25,-0.25,4.0,-0.0625
scibert,b9283c8bb52e,1.5,0.0,0.0,-0.25,1.25,4.0,0.3125
specter,b9283c8bb52e,1.5,0.0,0.0,-0.25,1.25,4.0,0.3125
lexical,b9e1bf330baf,3.0,0.0,0.0,-0.0,3.0,3.0,1.0
tfidf,b9e1bf330baf,1.5,0.0,0.0,-0.5,1.0,3.0,0.3333333333333333
bert-base,b9e1bf330baf,3.0,0.0,0.0,-0.25,2.75,3.0,0.9166666666666666
roberta,b9e1bf330baf,0.0,0.0,0.0,-0.25,-0.25,3.0,-0.08333333333333333
scibert,b9e1bf330baf,0.0,0.0,0.0,-0.5,-0.5,3.0,-0.16666666666666666
specter,b9e1bf330baf,3.0,0.0,0.0,-0.0,3.0,3.0,1.0
lexical,bb758b998875,3.0,0.0,0.0,-0.0,3.0,3.0,1.0
tfidf,bb758b998875,3.0,0.0,0.0,-0.0,3.0,3.0,1.0
bert-base,bb758b998875,3.0,0.0,0.0,-1.25,1.75,3.0,0.5833333333333334
roberta,bb758b998875,0.0,0.0,0.0,-0.25,-0.25,3.0,-0.08333333333333333
scibert,bb758b998875,0.0,0.0,0.0,-0.5,-0.5,3.0,-0.16666666666666666
specter,bb758b998875,1.5,0.0,0.0,-0.25,1.25,3.0,0.4166666666666667
lexical,bb87293d7644,3.0,0.0,0.0,-0.0,3.0,3.0,1.0
tfidf,bb87293d7644,3.0,0.0,0.0,-0.0,3.0,3.0,1.0
bert-base,bb87293d7644,3.0,0.0,0.0,-0.0,3.0,3.0,1.0
roberta,bb87293d7644,1.5,0.0,0.0,-0.25,1.25,3.0,0.4166666666666667
scibert,bb87293d7644,3.0,0.0,0.0,-0.25,2.75,3.0,0.9166666666666666
specter,bb87293d7644,3.0,0.0,0.0,-0.0,3.0,3.0,1.0
lexical,bc0e0fcc32f5,3.0,0.0,0.0,-0.0,3.0,3.0,1.0
tfidf,bc0e0fcc32f5,3.0,0.0,0.0,-0.0,3.0,3.0,1.0
bert-base,bc0e0fcc32f5,0.0,0.0,0.0,-0.5,-0.5,3.0,-0.16666666666666666
roberta,bc0e0fcc32f5,0.0,0.0,0.0,-0.25,-0.25,3.0,-0.08333333333333333
scibert,bc0e0fcc32f5,1.5,0.0,0.0,-0.25,1.25,3.0,0.4166666666666667
specter,bc0e0fcc32f5,0.0,0.0,0.0,-0.5,-0.5,3.0,-0.16666666666666666
lexical,bdf5eac988ad,3.0,0.0,0.0,-0.0,3.0,3.0,1.0
tfidf,bdf5eac988ad,3.0,0.0,0.0,-0.0,3.0,3.0,1.0
bert-base,bdf5eac988ad,1.5,0.0,0.0,-0.25,1.25,3.0,0.4166666666666667
roberta,bdf5eac988ad,0.0,0.0,0.0,-0.25,-0.25,3.0,-0.08333333333333333
scibert,bdf5eac988ad,3.0,0.0,0.0,-0.25,2.75,3.0,0.9166666666666666
specter,bdf5eac988ad,3.0,0.0,0.0,-0.0,3.0,3.0,1.0
lexical,c21a0b99e259,3.0,0.0,0.0,-0.0,3.0,3.0,1.0
tfidf,c21a0b99e259,3.0,0.0,0.0,-0.0,3.0,3.0,1.0
bert-base,c21a0b99e259,1.5,0.0,0.0,-0.25,1.25,3.0,0.4166666666666667
roberta,c21a0b99e259,0.0,0.0,0.0,-0.25,-0.25,3.0,-0.08333333333333333
scibert,c21a0b99e259,1.5,0.0,0.0,-0.25,1.25,3.0,0.4166666666666667
specter,c21a0b99e259,1.5,0.0,0.0,-0.5,1.0,3.0,0.3333333333333333
lexical,c8b475531d7e,0.0,0.0,0.0,-0.0,0.0,3.0,0.0
tfidf,c8b475531d7e,3.0,0.0,0.0,-0.0,3.0,3.0,1.0
bert-base,c8b475531d7e,3.0,0.0,0.0,-0.25,2.75,3.0,0.9166666666666666
roberta,c8b475531d7e,0.0,0.0,0.0,-0.25,-0.25,3.0,-0.08333333333333333
scibert,c8b475531d7e,3.0,0.0,0.0,-0.25,2.75,3.0,0.9166666666666666
specter,c8b475531d7e,3.0,0.0,0.0,-0.0,3.0,3.0,1.0
lexical,c95e30752adf,0.0,0.0,0.0,-0.25,-0.25,4.0,-0.0625
tfidf,c95e30752adf,0.0,1.0,0.0,-0.25,0.75,4.0,0.1875
bert-base,c95e30752adf,0.0,1.0,0.0,-0.0,1.0,4.0,0.25
roberta,c95e30752adf,0.0,0.0,0.0,-0.25,-0.25,4.0,-0.0625
scibert,c95e30752adf,0.0,1.0,0.0,-0.25,0.75,4.0,0.1875
specter,c95e30752adf,0.0,0.0,0.0,-0.25,-0.25,4.0,-0.0625
lexical,ca6e200d678b,3.0,0.0,0.0,-0.0,3.0,3.0,1.0
tfidf,ca6e200d678b,0.0,0.0,0.0,-0.0,0.0,3.0,0.0
bert-base,ca6e200d678b,0.0,0.0,0.0,-0.25,-0.25,3.0,-0.08333333333333333
roberta,ca6e200d678b,0.0,0.0,0.0,-0.25,-0.25,3.0,-0.08333333333333333
scibert,ca6e200d678b,1.5,0.0,0.0,-0.5,1.0,3.0,0.3333333333333333
specter,ca6e200d678b,0.0,0.0,0.0,-0.25,-0.25,3.0,-0.08333333333333333
lexical,caa0f4f9200b,3.0,0.0,0.0,-0.0,3.0,3.0,1.0
tfidf,caa0f4f9200b,1.5,0.0,0.0,-0.0,1.5,3.0,0.5
bert-base,caa0f4f9200b,0.0,0.0,0.0,-0.5,-0.5,3.0,-0.16666666666666666
roberta,caa0f4f9200b,0.0,0.0,0.0,-0.25,-0.25,3.0,-0.08333333333333333
scibert,caa0f4f9200b,0.0,0.0,0.0,-0.25,-0.25,3.0,-0.08333333333333333
specter,caa0f4f9200b,0.0,0.0,0.0,-0.25,-0.25,3.0,-0.08333333333333333
lexical,cb831c750a69,0.0,0.0,0.0,-0.0,0.0,3.0,0.0
tfidf,cb831c750a69,3.0,0.0,0.0,-0.0,3.0,3.0,1.0
bert-base,cb831c750a69,3.0,0.0,0.0,-0.0,3.0,3.0,1.0
roberta,cb831c750a69,1.5,0.0,0.0,-0.25,1.25,3.0,0.4166666666666667
scibert,cb831c750a69,3.0,0.0,0.0,-0.25,2.75,3.0,0.9166666666666666
specter,cb831c750a69,3.0,0.0,0.0,-0.0,3.0,3.0,1.0
lexical,cf94a74b8764,0.0,0.0,0.0,-0.0,0.0,3.0,0.0
tfidf,cf94a74b8764,0.0,0.0,0.0,-0.0,0.0,3.0,0.0
bert-base,cf94a74b8764,3.0,0.0,0.0,-0.0,3.0,3.0,1.0
roberta,cf94a74b8764,0.0,0.0,0.0,-0.25,-0.25,3.0,-0.08333333333333333
scibert,cf94a74b8764,0.0,0.0,0.0,-0.5,-0.5,3.0,-0.16666666666666666
specter,cf94a74b8764,0.0,0.0,0.0,-0.25,-0.25,3.0,-0.08333333333333333
lexical,d002a922aec5,0.0,0.0,0.0,-0.0,0.0,4.0,0.0
tfidf,d002a922aec5,3.0,0.0,0.0,-0.0,3.0,4.0,0.75
bert-base,d002a922aec5,3.0,0.0,0.0,-0.25,2.75,4.0,0.6875
roberta,d002a922aec5,3.0,0.0,0.0,-0.0,3.0,4.0,0.75
scibert,d002a922aec5,3.0,0.0,0.0,-0.0,3.0,4.0,0.75
specter,d002a922aec5,0.0,1.0,0.0,-0.5,0.5,4.0,0.125
lexical,d1fc7e47a220,3.0,0.0,0.0,-0.0,3.0,3.0,1.0
tfidf,d1fc7e47a220,3.0,0.0,0.0,-0.0,3.0,3.0,1.0
bert-base,d1fc7e47a220,3.0,0.0,0.0,-0.5,2.5,3.0,0.8333333333333334
roberta,d1fc7e47a220,1.5,0.0,0.0,-0.25,1.25,3.0,0.4166666666666667
scibert,d1fc7e47a220,3.0,0.0,0.0,-0.5,2.5,3.0,0.8333333333333334
specter,d1fc7e47a220,3.0,0.0,0.0,-0.0,3.0,3.0,1.0
lexical,d84d0ce7a4c8,3.0,0.0,0.0,-0.0,3.0,3.0,1.0
tfidf,d84d0ce7a4c8,3.0,0.0,0.0,-0.0,3.0,3.0,1.0
bert-base,d84d0ce7a4c8,3.0,0.0,0.0,-0.0,3.0,3.0,1.0
roberta,d84d0ce7a4c8,3.0,0.0,0.0,-0.0,3.0,3.0,1.0
scibert,d84d0ce7a4c8,3.0,0.0,0.0,-0.0,3.0,3.0,1.0
specter,d84d0ce7a4c8,3.0,0.0,0.0,-0.0,3.0,3.0,1.0
lexical,dbde52e667aa,3.0,0.0,0.0,-0.0,3.0,3.0,1.0
tfidf,dbde52e667aa,0.0,0.0,0.0,-0.0,0.0,3.0,0.0
bert-base,dbde52e667aa,0.0,0.0,0.0,-0.25,-0.25,3.0,-0.08333333333333333
roberta,dbde52e667aa,0.0,0.0,0.0,-0.25,-0.25,3.0,-0.08333333333333333
scibert,dbde52e667aa,0.0,0.0,0.0,-0.25,-0.25,3.0,-0.08333333333333333
specter,dbde52e667aa,0.0,0.0,0.0,-0.0,0.0,3.0,0.0
lexical,e727426383d4,3.0,0.0,0.0,-0.0,3.0,4.0,0.75
tfidf,e727426383d4,3.0,0.0,0.0,-0.0,3.0,4.0,0.75
bert-base,e727426383d4,0.0,1.0,0.0,-0.75,0.25,4.0,0.0625
roberta,e727426383d4,0.0,0.0,0.0,-0.25,-0.25,4.0,-0.0625
scibert,e727426383d4,0.0,0.0,0.0,-0.25,-0.25,4.0,-0.0625
specter,e727426383d4,1.5,0.0,0.0,-0.25,1.25,4.0,0.3125
lexical,eaf6d52d5457,3.0,0.0,0.0,-0.0,3.0,4.0,0.75
tfidf,eaf6d52d5457,3.0,0.0,0.0,-0.0,3.0,4.0,0.75
bert-base,eaf6d52d5457,1.5,0.0,0.0,-0.25,1.25,4.0,0.3125
roberta,eaf6d52d5457,0.0,0.0,0.0,-0.25,-0.25,4.0,-0.0625
scibert,eaf6d52d5457,1.5,0.0,0.0,-0.25,1.25,4.0,0.3125
specter,eaf6d52d5457,1.5,0.0,0.0,-0.25,1.25,4.0,0.3125
lexical,ec09b2719157,0.0,0.0,0.0,-0.25,-0.25,3.0,-0.08333333333333333
tfidf,ec09b2719157,1.5,0.0,0.0,-0.25,1.25,3.0,0.4166666666666667
bert-base,ec09b2719157,3.0,0.0,0.0,-0.25,2.75,3.0,0.9166666666666666
roberta,ec09b2719157,0.0,0.0,0.0,-0.25,-0.25,3.0,-0.08333333333333333
scibert,ec09b2719157,0.0,0.0,0.0,-0.5,-0.5,3.0,-0.16666666666666666
specter,ec09b2719157,1.5,0.0,0.0,-0.25,1.25,3.0,0.4166666666666667
lexical,ed3a2e5f0c07,1.5,0.0,0.0,-0.25,1.25,3.0,0.4166666666666667
tfidf,ed3a2e5f0c07,3.0,0.0,0.0,-0.25,2.75,3.0,0.9166666666666666
bert-base,ed3a2e5f0c07,1.5,0.0,0.0,-0.25,1.25,3.0,0.4166666666666667
roberta,ed3a2e5f0c07,0.0,0.0,0.0,-0.25,-0.25,3.0,-0.08333333333333333
scibert,ed3a2e5f0c07,0.0,0.0,0.0,-0.5,-0.5,3.0,-0.16666666666666666
specter,ed3a2e5f0c07,0.0,0.0,0.0,-0.25,-0.25,3.0,-0.08333333333333333
lexical,edcffe92f4f7,3.0,0.0,0.0,-0.0,3.0,3.0,1.0
tfidf,edcffe92f4f7,3.0,0.0,0.0,-0.0,3.0,3.0,1.0
bert-base,edcffe92f4f7,3.0,0.0,0.0,-0.25,2.75,3.0,0.9166666666666666
roberta,edcffe92f4f7,3.0,0.0,0.0,-0.0,3.0,3.0,1.0
scibert,edcffe92f4f7,3.0,0.0,0.0,-0.0,3.0,3.0,1.0
specter,edcffe92f4f7,3.0,0.0,0.0,-0.0,3.0,3.0,1.0
lexical,f13c652030d7,0.0,0.0,0.0,-0.25,-0.25,4.0,-0.0625
tfidf,f13c652030d7,0.0,1.0,0.0,-0.25,0.75,4.0,0.1875
bert-base,f13c652030d7,0.0,1.0,0.0,-1.25,-0.25,4.0,-0.0625
roberta,f13c652030d7,0.0,0.0,0.0,-0.25,-0.25,4.0,-0.0625
scibert,f13c652030d7,0.0,1.0,0.0,-0.5,0.5,4.0,0.125
specter,f13c652030d7,0.0,1.0,0.0,-0.75,0.25,4.0,0.0625
lexical,f191a837275d,0.0,0.0,0.0,-0.0,0.0,3.0,0.0
tfidf,f191a837275d,3.0,0.0,0.0,-0.0,3.0,3.0,1.0
bert-base,f191a837275d,0.0,0.0,0.0,-0.25,-0.25,3.0,-0.08333333333333333
roberta,f191a837275d,0.0,0.0,0.0,-0.25,-0.25,3.0,-0.08333333333333333
scibert,f191a837275d,0.0,0.0,0.0,-0.75,-0.75,3.0,-0.25
specter,f191a837275d,0.0,0.0,0.0,-0.25,-0.25,3.0,-0.08333333333333333
lexical,f21bc832abc6,0.0,0.0,0.0,-0.0,0.0,3.0,0.0
tfidf,f21bc832abc6,3.0,0.0,0.0,-0.0,3.0,3.0,1.0
bert-base,f21bc832abc6,1.5,0.0,0.0,-0.25,1.25,3.0,0.4166666666666667
roberta,f21bc832abc6,1.5,0.0,0.0,-0.25,1.25,3.0,0.4166666666666667
scibert,f21bc832abc6,1.5,0.0,0.0,-0.25,1.25,3.0,0.4166666666666667
specter,f21bc832abc6,1.5,0.0,0.0,-0.25,1.25,3.0,0.4166666666666667
lexical,f89be8cffe97,0.0,0.0,0.0,-0.0,0.0,3.0,0.0
tfidf,f89be8cffe97,3.0,0.0,0.0,-0.0,3.0,3.0,1.0
bert-base,f89be8cffe97,0.0,0.0,0.0,-0.75,-0.75,3.0,-0.25
roberta,f89be8cffe97,0.0,0.0,0.0,-0.25,-0.25,3.0,-0.08333333333333333
scibert,f89be8cffe97,3.0,0.0,0.0,-0.75,2.25,3.0,0.75
specter,f89be8cffe97,3.0,0.0,0.0,-0.0,3.0,3.0,1.0
lexical,fa215acb1461,0.0,0.0,0.0,-0.25,-0.25,3.0,-0.08333333333333333
tfidf,fa215acb1461,0.0,0.0,0.0,-0.5,-0.5,3.0,-0.16666666666666666
bert-base,fa215acb1461,0.0,0.0,0.0,-0.25,-0.25,3.0,-0.08333333333333333
roberta,fa215acb1461,0.0,0.0,0.0,-0.25,-0.25,3.0,-0.08333333333333333
scibert,fa215acb1461,0.0,0.0,0.0,-1.0,-1.0,3.0,-0.3333333333333333
specter,fa215acb1461,0.0,0.0,0.0,-0.25,-0.25,3.0,-0.08333333333333333
lexical,fd5e38820a05,0.0,1.0,0.0,-0.0,1.0,4.0,0.25
tfidf,fd5e38820a05,1.5,1.0,0.0,-0.0,2.5,4.0,0.625
bert-base,fd5e38820a05,0.0,1.0,0.0,-0.0,1.0,4.0,0.25
roberta,fd5e38820a05,1.5,1.0,0.0,-0.0,2.5,4.0,0.625
scibert,fd5e38820a05,1.5,1.0,0.0,-0.0,2.5,4.0,0.625
specter,fd5e38820a05,1.5,1.0,0.0,-0.0,2.5,4.0,0.625
lexical,ff6fb1e2be19,3.0,0.0,0.0,-0.0,3.0,4.0,0.75
tfidf,ff6fb1e2be19,3.0,0.0,0.0,-0.0,3.0,4.0,0.75
bert-base,ff6fb1e2be19,1.5,0.0,0.0,-0.25,1.25,4.0,0.3125
roberta,ff6fb1e2be19,0.0,0.0,0.0,-0.25,-0.25,4.0,-0.0625
scibert,ff6fb1e2be19,3.0,1.0,0.0,-0.25,3.75,4.0,0.9375
specter,ff6fb1e2be19,3.0,0.0,0.0,-0.0,3.0,4.0,0.75
